{
  "version": 2,
  "name": "axzora-super-app",
  "builds": [
    {
      "src": "index.html",
      "use": "@vercel/static"
    }
  ],
  "routes": [
    {
      "src": "/(.*)",
      "dest": "/$1"
    }
  ],
  "headers": [
    {
      "source": "/(.*)",
      "headers": [
        {
          "key": "Access-Control-Allow-Origin",
          "value": "*"
        },
        {
          "key": "Access-Control-Allow-Methods",
          "value": "GET, POST, OPTIONS"
        },
        {
          "key": "Access-Control-Allow-Headers",
          "value": "*"
        },
        {
          "key": "Permissions-Policy",
          "value": "camera=*, microphone=*, geolocation=*"
        }
      ]
    }
  ]
}

